name,email,contact,age
Sinclare,sliddle0@fema.gov,223-709-1488,96
Erna,esplain1@techcrunch.com,602-542-4687,58
Adrienne,azannolli2@examiner.com,397-296-8076,42
Don,dsweeny3@shinystat.com,240-592-5167,90
Lissy,llumbley4@apache.org,287-918-5199,83
Marcellus,mpennycook5@illinois.edu,291-680-9240,38
Happy,hcopper6@pbs.org,631-944-4604,15
Brockie,barthy7@google.pl,585-619-7469,48
Phillis,pborrows8@cocolog-nifty.com,707-951-3548,84
Janifer,jmellonby9@blogspot.com,113-425-3328,67
Lillian,lsprakea@arizona.edu,437-468-7879,29
Hebert,htouretb@sciencedaily.com,707-524-1018,28
Stearne,sfeehanc@mit.edu,708-772-5492,97
Mirabella,mvlahosd@stanford.edu,257-503-7721,40
Veriee,vlovinge@freewebs.com,448-519-2380,97
Richmound,rmomfordf@imgur.com,509-949-0294,60
Shirlee,schaperling@ed.gov,301-270-0760,79
Betta,bartzh@fastcompany.com,204-456-5603,77
Chiquia,cblazei@cbsnews.com,692-871-0791,54
Park,pbramsomj@amazon.de,394-202-9594,53
Jacques,jmcevayk@fda.gov,859-154-9953,20
Josephine,jgwilliml@scribd.com,130-636-3043,17
Isidora,ivanichkovm@etsy.com,804-927-3406,48
Chlo,cclemmittn@youtu.be,724-786-0222,23
Danny,dfarnswortho@google.com.br,608-683-8501,44
Elfie,ebanesp@google.nl,395-910-6358,74
Beltran,bchittendenq@xrea.com,105-978-6275,96
Chalmers,croddenr@wp.com,996-841-0492,99
Kayne,khedylstones@so-net.ne.jp,495-390-1523,81
Desiree,dgreenroat@woothemes.com,306-393-7157,79
Faye,fsanfordu@thetimes.co.uk,716-573-9467,60
Gerry,gfateleyv@ucla.edu,624-648-3067,20
Marj,mdomencw@marketwatch.com,934-452-2019,13
Bobbie,bbindenx@whitehouse.gov,974-161-8069,14
Conrade,cfinbyy@list-manage.com,785-837-3945,94
Derby,dmckimmiez@seattletimes.com,665-180-6621,61
Bernadene,bthroughton10@xing.com,234-750-0021,96
Lorain,lsmiley11@alibaba.com,140-696-6049,77
Bryna,bconaghan12@google.de,116-971-0194,22
Kenn,kbettridge13@craigslist.org,860-276-9988,79
Meriel,mcorrigan14@naver.com,770-481-3994,50
Garald,gdeware15@google.ru,915-337-8490,19
Lindsey,lthecham16@blogs.com,540-819-7911,9
Clint,cwhight17@exblog.jp,155-441-2292,30
Jessy,jsparway18@canalblog.com,581-546-4443,63
Deerdre,dcashin19@opera.com,972-519-9821,73
Tanny,thexham1a@tripadvisor.com,121-629-4862,17
Elizabeth,edennick1b@globo.com,740-486-3044,55
Viole,vpegram1c@tripadvisor.com,661-625-0711,74
Anatol,aesch1d@csmonitor.com,218-301-7975,25
Griffy,gobrien1e@yahoo.com,435-398-9434,2
Tabitha,tduffield1f@bizjournals.com,566-469-4039,44
Rosamund,rrivenzon1g@answers.com,154-178-6665,30
Hulda,hheggadon1h@umn.edu,899-577-6531,64
Dara,dspyby1i@thetimes.co.uk,109-558-7913,16
Shaun,smoring1j@spiegel.de,236-111-9816,86
Lexine,lshinfield1k@google.com.hk,434-856-6443,55
Tessy,tvolage1l@shareasale.com,199-483-4020,80
Dilan,dtyrie1m@123-reg.co.uk,389-497-3923,64
Etta,egriffe1n@nydailynews.com,271-637-4885,33
Jody,jgunn1o@github.io,202-461-4108,11
Rosanna,rpickles1p@macromedia.com,330-519-2840,26
Dulcinea,dmundie1q@ihg.com,216-242-8975,18
Tristam,tblodget1r@ow.ly,614-420-3211,98
Ernie,egossage1s@privacy.gov.au,873-774-9739,90
Natka,nkearney1t@slate.com,315-136-2095,98
Gerty,glucey1u@list-manage.com,249-747-4112,38
Tad,tfarndon1v@abc.net.au,669-215-8681,11
Deck,dbuntain1w@vinaora.com,823-660-4122,28
Tiertza,tmcandie1x@surveymonkey.com,906-327-4549,42
Cynthia,cmcgall1y@netlog.com,642-576-0918,57
Adel,acheatle1z@exblog.jp,275-143-7506,27
Hurleigh,hcropper20@prnewswire.com,367-937-9529,99
Car,cpatis21@constantcontact.com,653-722-8085,29
Karlens,kdarlington22@clickbank.net,789-174-1822,17
Freddie,fadamovich23@nsw.gov.au,473-829-6974,13
Oralie,omatczak24@wsj.com,788-358-7802,17
Teresita,tscrivin25@nba.com,785-460-4054,53
Scot,sbowkett26@china.com.cn,738-695-3547,16
Avrom,astanaway27@ucla.edu,343-630-9258,78
Loralie,lsimpole28@columbia.edu,842-753-9128,12
Benjie,bgyorgy29@bizjournals.com,208-272-1640,97
Toinette,tlamping2a@blogspot.com,917-464-1404,12
Keelia,kduxfield2b@ameblo.jp,206-144-2149,21
Alika,ajeffcoate2c@wufoo.com,613-253-2485,65
Marybeth,mcharles2d@amazon.com,774-807-0185,94
Sacha,sswainsbury2e@free.fr,781-674-8064,98
Annabela,akobpac2f@hud.gov,410-890-2181,10
Olivero,oleggate2g@bravesites.com,555-550-8346,28
Mortie,mgrigorey2h@storify.com,716-634-8883,96
Dunstan,dkatzmann2i@theguardian.com,584-807-1257,42
Ferrel,fmelledy2j@mozilla.com,334-231-9930,17
Lucian,lcristofano2k@nifty.com,907-799-7296,80
Cissy,cbroune2l@bbc.co.uk,326-320-6450,9
Calypso,ccurtoys2m@cmu.edu,433-972-3927,32
Charleen,cmccaffrey2n@blog.com,268-599-8324,28
Zacharie,zgoroni2o@trellian.com,356-514-2507,22
Menard,mdighton2p@squarespace.com,625-681-7247,9
Auria,adryden2q@canalblog.com,756-108-7521,45
Gusta,gbellerby2r@people.com.cn,819-370-4611,54